Printer;Činnost samostatná;Činnost závislá;Období;Období od;Období do;Adresa;Lat;Lon;Encyklopedie knihy;Poznámka o encyklopedii;Bibliografická databáze;Dynastie_id
Arcibiskupská tiskárna (Praha, Česko);;;1631;1631;;Praha – Hradčany 56 (56) Arcibiskupský palác na Hradčanském náměstí [Hradčanské náměstí 16];50.0902472;14.3973028;https://www.encyklopedieknihy.cz/index.php?title=Arcibiskupsk%C3%A1_tisk%C3%A1rna_%E2%80%93_Praha;;https://knihoveda.lib.cas.cz/Search/Results?filter%5B%5D=%7EpublishPlace_facet%3A%22Praha+%C4%8Cesko%22&filter%5B%5D=%7EpublishPlace_facet%3A%22Praha%22&filter%5B%5D=publishDateSingle%3A%22%5B1621+TO+1748%5D%22&filter%5B%5D=%7Eprinter_publisher_facet%3A%22Arcibiskupsk%C3%A1+tisk%C3%A1rna+%28Praha%2C+%C4%8Cesko%29%22&type=AllFields;
Arcibiskupská tiskárna (Praha, Česko);;;1635–1652;1635;1652;Praha – Staré Město 654 (56) Králův dvůr v Královodvorské ul. ;50.0875;14.427778;https://www.encyklopedieknihy.cz/index.php?title=Arcibiskupsk%C3%A1_tisk%C3%A1rna_%E2%80%93_Praha;;https://knihoveda.lib.cas.cz/Search/Results?filter%5B%5D=%7EpublishPlace_facet%3A%22Praha+%C4%8Cesko%22&filter%5B%5D=%7EpublishPlace_facet%3A%22Praha%22&filter%5B%5D=publishDateSingle%3A%22%5B1621+TO+1748%5D%22&filter%5B%5D=%7Eprinter_publisher_facet%3A%22Arcibiskupsk%C3%A1+tisk%C3%A1rna+%28Praha%2C+%C4%8Cesko%29%22&type=AllFields;
Arcibiskupská tiskárna (Praha, Česko);;;1652–1679;1652;1679;Praha – Staré Město 655 (181) Kolej sv. Norberta v Královodvorské ul. [náměstí Republiky 8 – Revoluční 1];50.0893353;14.4278731;https://www.encyklopedieknihy.cz/index.php?title=Arcibiskupsk%C3%A1_tisk%C3%A1rna_%E2%80%93_Praha;;https://knihoveda.lib.cas.cz/Search/Results?filter%5B%5D=%7EpublishPlace_facet%3A%22Praha+%C4%8Cesko%22&filter%5B%5D=%7EpublishPlace_facet%3A%22Praha%22&filter%5B%5D=publishDateSingle%3A%22%5B1621+TO+1748%5D%22&filter%5B%5D=%7Eprinter_publisher_facet%3A%22Arcibiskupsk%C3%A1+tisk%C3%A1rna+%28Praha%2C+%C4%8Cesko%29%22&type=AllFields;
Arcibiskupská tiskárna (Praha, Česko);;;1679–1686;1679;1686;Praha – Nové Město 320 (397–399) Klášter emauzský na Emauzském náměstí [Vyšehradská 49 – Pod Slovany 22];50.0719492;14.4175814;https://www.encyklopedieknihy.cz/index.php?title=Arcibiskupsk%C3%A1_tisk%C3%A1rna_%E2%80%93_Praha;;https://knihoveda.lib.cas.cz/Search/Results?filter%5B%5D=%7EpublishPlace_facet%3A%22Praha+%C4%8Cesko%22&filter%5B%5D=%7EpublishPlace_facet%3A%22Praha%22&filter%5B%5D=publishDateSingle%3A%22%5B1621+TO+1748%5D%22&filter%5B%5D=%7Eprinter_publisher_facet%3A%22Arcibiskupsk%C3%A1+tisk%C3%A1rna+%28Praha%2C+%C4%8Cesko%29%22&type=AllFields;
Arcibiskupská tiskárna (Praha, Česko);;;1688–1691;1688;1691;Praha – Staré Město 654 (56) Králův dvůr v Královodvorské ul.;50.0875;14.427778;https://www.encyklopedieknihy.cz/index.php?title=Arcibiskupsk%C3%A1_tisk%C3%A1rna_%E2%80%93_Praha;;https://knihoveda.lib.cas.cz/Search/Results?filter%5B%5D=%7EpublishPlace_facet%3A%22Praha+%C4%8Cesko%22&filter%5B%5D=%7EpublishPlace_facet%3A%22Praha%22&filter%5B%5D=publishDateSingle%3A%22%5B1621+TO+1748%5D%22&filter%5B%5D=%7Eprinter_publisher_facet%3A%22Arcibiskupsk%C3%A1+tisk%C3%A1rna+%28Praha%2C+%C4%8Cesko%29%22&type=AllFields;
Arcibiskupská tiskárna (Praha, Česko);;; 1692–1701;1692;1701;Praha – Staré Město 655 (181) Kolej sv. Norberta v Královodvorské ul. [náměstí Republiky 8 – Revoluční 1];50.0893353;14.4278731;https://www.encyklopedieknihy.cz/index.php?title=Arcibiskupsk%C3%A1_tisk%C3%A1rna_%E2%80%93_Praha;;https://knihoveda.lib.cas.cz/Search/Results?filter%5B%5D=%7EpublishPlace_facet%3A%22Praha+%C4%8Cesko%22&filter%5B%5D=%7EpublishPlace_facet%3A%22Praha%22&filter%5B%5D=publishDateSingle%3A%22%5B1621+TO+1748%5D%22&filter%5B%5D=%7Eprinter_publisher_facet%3A%22Arcibiskupsk%C3%A1+tisk%C3%A1rna+%28Praha%2C+%C4%8Cesko%29%22&type=AllFields;
Arcibiskupská tiskárna (Praha, Česko);;;1695;1695;;Praha – Staré Město 654 (56) Králův dvůr v Královodvorské ul.;50.0875;14.427778;https://www.encyklopedieknihy.cz/index.php?title=Arcibiskupsk%C3%A1_tisk%C3%A1rna_%E2%80%93_Praha;;https://knihoveda.lib.cas.cz/Search/Results?filter%5B%5D=%7EpublishPlace_facet%3A%22Praha+%C4%8Cesko%22&filter%5B%5D=%7EpublishPlace_facet%3A%22Praha%22&filter%5B%5D=publishDateSingle%3A%22%5B1621+TO+1748%5D%22&filter%5B%5D=%7Eprinter_publisher_facet%3A%22Arcibiskupsk%C3%A1+tisk%C3%A1rna+%28Praha%2C+%C4%8Cesko%29%22&type=AllFields;
Arcibiskupská tiskárna (Praha, Česko);;;1701–1817;1701;1817;Praha – Staré Město 654 (56) Králův dvůr v Královodvorské ul.;50.0875;14.427778;https://www.encyklopedieknihy.cz/index.php?title=Arcibiskupsk%C3%A1_tisk%C3%A1rna_%E2%80%93_Praha;;https://knihoveda.lib.cas.cz/Search/Results?filter%5B%5D=%7EpublishPlace_facet%3A%22Praha+%C4%8Cesko%22&filter%5B%5D=%7EpublishPlace_facet%3A%22Praha%22&filter%5B%5D=publishDateSingle%3A%22%5B1621+TO+1748%5D%22&filter%5B%5D=%7Eprinter_publisher_facet%3A%22Arcibiskupsk%C3%A1+tisk%C3%A1rna+%28Praha%2C+%C4%8Cesko%29%22&type=AllFields;
Arnolt z Dobroslavína, Jan, –1710;1687–1709;;1687–1706;1687;1706;"Praha – Staré Město 487 (197) ""U Tří lvů"" v Železné ul. [""U Zlatého medvěda"", Železná 8 – Kožná 16]";50.0866453;14.4216547;https://www.encyklopedieknihy.cz/index.php?title=Jan_Arnolt;zmínka zde;https://knihoveda.lib.cas.cz/Search/Results?filter%5B%5D=%7EpublishPlace_facet%3A%22Praha+%C4%8Cesko%22&filter%5B%5D=%7EpublishPlace_facet%3A%22Praha%22&filter%5B%5D=publishDateSingle%3A%22%5B1621+TO+1748%5D%22&filter%5B%5D=%7Eprinter_publisher_facet%3A%22Arnolt+z+Dobroslav%C3%ADna%2C+Jan%2C+-1710%22&type=AllFields;arn
Arnolt z Dobroslavína, Jan, asi 1620–1687;;;1669;1669;;"Praha – Malá Strana 36 (2) ""U Splavínů"" na Malostranském rynku [Malostranské nám. 22]";50.0880503;14.4047661;https://www.encyklopedieknihy.cz/index.php?title=Jan_Arnolt;zmínka zde;https://knihoveda.lib.cas.cz/Search/Results?filter%5B%5D=%7EpublishPlace_facet%3A%22Praha+%C4%8Cesko%22&filter%5B%5D=%7EpublishPlace_facet%3A%22Praha%22&filter%5B%5D=publishDateSingle%3A%22%5B1621+TO+1748%5D%22&filter%5B%5D=%7Eprinter_publisher_facet%3A%22Arnolt+z+Dobroslav%C3%ADna%2C+Jan%2C+asi+1620-1687%22&type=AllFields;arn
Arnolt z Dobroslavína, Jan, asi 1620–1687;;;1671–1686;1671;1686;"Praha – Malá Strana ""U Bílé lilie"" v Ostruhové ul. [n. spojeno s č. p. 193 (139) Thunovský palác, Nerudova 20]";50.0887389;14.4003756;https://www.encyklopedieknihy.cz/index.php?title=Jan_Arnolt;zmínka zde;https://knihoveda.lib.cas.cz/Search/Results?filter%5B%5D=%7EpublishPlace_facet%3A%22Praha+%C4%8Cesko%22&filter%5B%5D=%7EpublishPlace_facet%3A%22Praha%22&filter%5B%5D=publishDateSingle%3A%22%5B1621+TO+1748%5D%22&filter%5B%5D=%7Eprinter_publisher_facet%3A%22Arnolt+z+Dobroslav%C3%ADna%2C+Jan%2C+asi+1620-1687%22&type=AllFields;arn
Arnolt z Dobroslavína, Jan, asi 1620–1687;;;1684–1686;1684;1686;"Praha – Staré Město 487 (197) ""U Tří lvů"" v Železné ul. [""U Zlatého medvěda"", Železná 8 – Kožná 16]";50.0866453;14.4216547;https://www.encyklopedieknihy.cz/index.php?title=Jan_Arnolt;zmínka zde;https://knihoveda.lib.cas.cz/Search/Results?filter%5B%5D=%7EpublishPlace_facet%3A%22Praha+%C4%8Cesko%22&filter%5B%5D=%7EpublishPlace_facet%3A%22Praha%22&filter%5B%5D=publishDateSingle%3A%22%5B1621+TO+1748%5D%22&filter%5B%5D=%7Eprinter_publisher_facet%3A%22Arnolt+z+Dobroslav%C3%ADna%2C+Jan%2C+asi+1620-1687%22&type=AllFields;arn
Arnolt z Dobroslavína, Karel Ferdinand, asi 1670–1749;1688–1734 (lit.: (1688–1745), dále jako t. Arnoltovská (nebo dvorská) 1735–1740 (lit.: zam. 1740: Jan Čížek, Jan Gläser, Josef Kotting);;1688;1688;;"Praha – Malá Strana ""U Bílé lilie"" v Ostruhové ul. [n. spojeno s č. p. 193 (139) Thunovský palác, Nerudova 20]";50.0887389;14.4003756;https://www.encyklopedieknihy.cz/index.php?title=Jan_Arnolt;zmínka zde;https://knihoveda.lib.cas.cz/Search/Results?filter%5B%5D=%7EpublishPlace_facet%3A%22Praha+%C4%8Cesko%22&filter%5B%5D=%7EpublishPlace_facet%3A%22Praha%22&filter%5B%5D=publishDateSingle%3A%22%5B1621+TO+1748%5D%22&filter%5B%5D=%7Eprinter_publisher_facet%3A%22Arnolt+z+Dobroslav%C3%ADna%2C+Karel+Ferdinand%2C+asi+1670-1749%22&type=AllFields;arn
Arnoltová z Dobroslavína, Anna Kateřina, činná 1710–1713;"1710–1713; faktor 1710 Leopold Wolter";;1710–1713;1710;1713;"Praha – Staré Město 487 (197) ""U Tří lvů"" v Železné ul. [""U Zlatého medvěda"", Železná 8 – Kožná 16]";50.0866453;14.4216547;https://www.encyklopedieknihy.cz/index.php?title=Jan_Arnolt;zmínka zde;https://knihoveda.lib.cas.cz/Search/Results?filter%5B%5D=%7EpublishPlace_facet%3A%22Praha+%C4%8Cesko%22&filter%5B%5D=%7EpublishPlace_facet%3A%22Praha%22&filter%5B%5D=publishDateSingle%3A%22%5B1621+TO+1748%5D%22&filter%5B%5D=%7Eprinter_publisher_facet%3A%22Arnoltov%C3%A1+z+Dobroslav%C3%ADna%2C+Anna+Kate%C5%99ina%2C+%C4%8Dinn%C3%A1+1710-1713%22&type=AllFields;arn
Arnoltová z Dobroslavína, Kateřina Eufrosina, činná 1686–1687;1686–1687 (lit.: 1687–1688, faktor František Sinapi 1688);;1686–1687;1686;1687;"Praha – Malá Strana ""U Bílé lilie"" v Ostruhové ul. [n. spojeno s č. p. 193 (139) Thunovský palác, Nerudova 20]";50.0887389;14.4003756;https://www.encyklopedieknihy.cz/index.php?title=Jan_Arnolt;zmínka zde;https://knihoveda.lib.cas.cz/Search/Results?filter%5B%5D=%7EpublishPlace_facet%3A%22Praha+%C4%8Cesko%22&filter%5B%5D=%7EpublishPlace_facet%3A%22Praha%22&filter%5B%5D=publishDateSingle%3A%22%5B1621+TO+1748%5D%22&filter%5B%5D=%7Eprinter_publisher_facet%3A%22Arnoltov%C3%A1+z+Dobroslav%C3%ADna%2C+Kate%C5%99ina+Eufrosina%2C+%C4%8Dinn%C3%A1+1686-1687%22&type=AllFields;arn
Bennek, Petr Antonín, –asi 1716;1696–1711;faktor u vdovy Evy Polexiny  Michálkové v Praze 1691  696 (lit.: 1690–1707 [?]) (lit.: faktor u dědiců J. K. Jeřábka v Praze mezi 1705–1707 [?]);1708;1708;;"Praha – Staré Město 504 (257) ""U Mrázů"" v křesťanském tarmarce v Uhelné ul. [Melantrichova 5 – Havelská 17]";50.0851758;14.4212308;https://www.encyklopedieknihy.cz/index.php?title=Petr_Anton%C3%ADn_Bennek;;https://knihoveda.lib.cas.cz/Search/Results?filter%5B%5D=%7EpublishPlace_facet%3A%22Praha+%C4%8Cesko%22&filter%5B%5D=%7EpublishPlace_facet%3A%22Praha%22&filter%5B%5D=publishDateSingle%3A%22%5B1621+TO+1748%5D%22&filter%5B%5D=%7Eprinter_publisher_facet%3A%22Bennek%2C+Petr+Anton%C3%ADn%2C+-asi+1716%22&type=AllFields;sed
Beringer, Jiří Samuel, –1704;1701–1704;faktor v arcibiskupské tiskárně 1697–1699 (lit. 1696–1700);;;;Staré Město;50.0875485;14.4212157;https://www.encyklopedieknihy.cz/index.php?title=Ji%C5%99%C3%AD_Samuel_Beringer;;https://knihoveda.lib.cas.cz/Search/Results?filter%5B%5D=%7EpublishPlace_facet%3A%22Praha+%C4%8Cesko%22&filter%5B%5D=%7EpublishPlace_facet%3A%22Praha%22&filter%5B%5D=publishDateSingle%3A%22%5B1621+TO+1748%5D%22&filter%5B%5D=%7Eprinter_publisher_facet%3A%22Beringer%2C+Ji%C5%99%C3%AD+Samuel%2C+-1704%22&type=AllFields;ber
Beringerová, Barbora Františka, činná 1704–1727;1704–1727 (lit.: 1702–1726);;1715;1715;;"Praha – Staré Město [?] ""U Tří králů"" Na Příkopě";50.0854922;14.4254653;https://www.encyklopedieknihy.cz/index.php?title=Ji%C5%99%C3%AD_Samuel_Beringer;zmínka zde;https://knihoveda.lib.cas.cz/Search/Results?filter%5B%5D=%7EpublishPlace_facet%3A%22Praha+%C4%8Cesko%22&filter%5B%5D=%7EpublishPlace_facet%3A%22Praha%22&filter%5B%5D=publishDateSingle%3A%22%5B1621+TO+1748%5D%22&filter%5B%5D=%7Eprinter_publisher_facet%3A%22Beringerov%C3%A1%2C+Barbora+Franti%C5%A1ka%2C+%C4%8Dinn%C3%A1+1704-1727%22&type=AllFields;ber
Bezstahovský, Matěj, činný 1689–1691;;;;;;Staré Město;50.0875485;14.4212157;;;https://knihoveda.lib.cas.cz/Search/Results?filter%5B%5D=%7EpublishPlace_facet%3A%22Praha+%C4%8Cesko%22&filter%5B%5D=%7EpublishPlace_facet%3A%22Praha%22&filter%5B%5D=publishDateSingle%3A%22%5B1621+TO+1748%5D%22&filter%5B%5D=%7Eprinter_publisher_facet%3A%22Bezstahovsk%C3%BD%2C+Mat%C4%9Bj%2C+%C4%8Dinn%C3%BD+1689-1691%22&type=AllFields;
Braun, Johann Friedrich, 1672–1721;1712;;;;;Staré Město;50.0875485;14.4212157;https://www.encyklopedieknihy.cz/index.php?title=Jan_Bed%C5%99ich_Braun;;https://knihoveda.lib.cas.cz/Search/Results?lookfor=&type=AllFields&filter%5B%5D=%7EpublishPlace_facet%3A%22Praha+%C4%8Cesko%22&filter%5B%5D=%7EpublishPlace_facet%3A%22Praha%22&filter%5B%5D=publishDateSingle%3A%22%5B1621+TO+1748%5D%22&filter%5B%5D=%7Eprinter_publisher_facet%3A%22Braun%2C+Johann+Friedrich%2C+1672-1721%22&limit=10;
Bylina, Jan, –asi 1649;;Spolu s matkou a bratrem jako dědici Š. Byliny v Praze 1626–1630;;;;"Praha – Staré Město 471 (215) ""U Dvou velbloudů"" v Kunešovic ul. [""U Červeného srdce"", ""U Melantrichů"", Melantrichova 10]";50.0856642;14.4209097;https://www.encyklopedieknihy.cz/index.php?title=%C5%A0t%C4%9Bp%C3%A1n_Bylina;zmínka zde;https://knihoveda.lib.cas.cz/Search/Results?filter%5B%5D=%7EpublishPlace_facet%3A%22Praha+%C4%8Cesko%22&filter%5B%5D=%7EpublishPlace_facet%3A%22Praha%22&filter%5B%5D=publishDateSingle%3A%22%5B1621+TO+1748%5D%22&filter%5B%5D=%7Eprinter_publisher_facet%3A%22Bylina%2C+Jan%2C+-asi+1649%22&type=AllFields;byl
Bylina, Jan, činný 1630–1631;;;;;;Staré Město;50.0875485;14.4212157;https://www.encyklopedieknihy.cz/index.php?title=%C5%A0t%C4%9Bp%C3%A1n_Bylina;zmínka zde;https://knihoveda.lib.cas.cz/Search/Results?filter%5B%5D=%7EpublishPlace_facet%3A%22Praha+%C4%8Cesko%22&filter%5B%5D=%7EpublishPlace_facet%3A%22Praha%22&filter%5B%5D=publishDateSingle%3A%22%5B1621+TO+1748%5D%22&filter%5B%5D=%7Eprinter_publisher_facet%3A%22Bylina%2C+Jan%2C+%C4%8Dinn%C3%BD+1630-1631%22&type=AllFields;byl
Bylina, Štěpán, –1624;1622 (lit.: 1621–1626 spolu s manželkou);;;;;"Praha – Staré Město 471 (215) ""U Dvou velbloudů"" v Kunešovic ul. [""U Červeného srdce"", ""U Melantrichů"", Melantrichova 10]";50.0856642;14.4209097;https://www.encyklopedieknihy.cz/index.php?title=%C5%A0t%C4%9Bp%C3%A1n_Bylina;;https://knihoveda.lib.cas.cz/Search/Results?filter%5B%5D=%7EpublishPlace_facet%3A%22Praha+%C4%8Cesko%22&filter%5B%5D=%7EpublishPlace_facet%3A%22Praha%22&filter%5B%5D=publishDateSingle%3A%22%5B1621+TO+1748%5D%22&filter%5B%5D=%7Eprinter_publisher_facet%3A%22Bylina%2C+%C5%A0t%C4%9Bp%C3%A1n%2C+-1624%22&type=AllFields;byl
Bylinová, Judita, –1630;(lit.: praha 1621–1626 spolu s manž.);(lit.: spolu se syny jako dědici š. byliny v Praze 1626–1630);;;;"Praha – Staré Město 471 (215) ""U Dvou velbloudů"" v Kunešovic ul. [""U Červeného srdce"", ""U Melantrichů"", Melantrichova 10]";50.0856642;14.4209097;https://www.encyklopedieknihy.cz/index.php?title=%C5%A0t%C4%9Bp%C3%A1n_Bylina;zmínka zde;https://knihoveda.lib.cas.cz/Search/Results?lookfor=&type=AllFields&filter%5B%5D=%7EpublishPlace_facet%3A%22Praha+%C4%8Cesko%22&filter%5B%5D=%7EpublishPlace_facet%3A%22Praha%22&filter%5B%5D=publishDateSingle%3A%22%5B1621+TO+1748%5D%22&filter%5B%5D=%7Eprinter_publisher_facet%3A%22Bylinov%C3%A1%2C+Judita%2C+-1630%22&limit=10;byl
Carolides z Karlsperka, Daniel, činný 1612–1622;1612–1622;;;;;Praha – Nové Město 111 (82) ve Spálené ul. [zrušeno a spojeno s č. p.112, Spálená 55];50.0819697;14.4191531;https://www.encyklopedieknihy.cz/index.php?title=Daniel_Carolides_z_Karlsperka;;https://knihoveda.lib.cas.cz/Search/Results?filter%5B%5D=%7EpublishPlace_facet%3A%22Praha+%C4%8Cesko%22&filter%5B%5D=%7EpublishPlace_facet%3A%22Praha%22&filter%5B%5D=publishDateSingle%3A%22%5B1621+TO+1748%5D%22&filter%5B%5D=%7Eprinter_publisher_facet%3A%22Carolides+z+Karlsperka%2C+Daniel%2C+%C4%8Dinn%C3%BD+1612-1622%22&type=AllFields;
Černoch, Jiří, –1684;1672–1684 (lit.: 1665–1684);"(lit.: zam. v jez. t. v Praze před 1650 a 1655–1656); faktor v jez. t. v Praze 1665–1668";;;;Staré Město;50.0875485;14.4212157;https://www.encyklopedieknihy.cz/index.php?title=Ji%C5%99%C3%AD_%C4%8Cernoch;;https://knihoveda.lib.cas.cz/Search/Results?filter%5B%5D=%7EpublishPlace_facet%3A%22Praha+%C4%8Cesko%22&filter%5B%5D=%7EpublishPlace_facet%3A%22Praha%22&filter%5B%5D=publishDateSingle%3A%22%5B1621+TO+1748%5D%22&filter%5B%5D=%7Eprinter_publisher_facet%3A%22%C4%8Cernoch%2C+Ji%C5%99%C3%AD%2C+-1684%22&type=AllFields;cer
Černochová, Kateřina, činná 1684–1686;1684–1486, (lit.: 1684 zam. K. Köbler);;;;;Staré Město;50.0875485;14.4212157;https://www.encyklopedieknihy.cz/index.php?title=Ji%C5%99%C3%AD_%C4%8Cernoch;;https://knihoveda.lib.cas.cz/Search/Results?filter%5B%5D=%7EpublishPlace_facet%3A%22Praha+%C4%8Cesko%22&filter%5B%5D=%7EpublishPlace_facet%3A%22Praha%22&filter%5B%5D=publishDateSingle%3A%22%5B1621+TO+1748%5D%22&filter%5B%5D=%7Eprinter_publisher_facet%3A%22%C4%8Cernochov%C3%A1%2C+Kate%C5%99ina%2C+%C4%8Dinn%C3%A1+1684-1686%22&type=AllFields;cer
Červenka z Věžňova, Václav Vojtěch – archiepiscopus Pragensis 1636–1694;;;;;;Staré Město;50.0875485;14.4212157;;;https://knihoveda.lib.cas.cz/Search/Results?filter%5B%5D=%7EpublishPlace_facet%3A%22Praha+%C4%8Cesko%22&filter%5B%5D=%7EpublishPlace_facet%3A%22Praha%22&filter%5B%5D=publishDateSingle%3A%22%5B1621+TO+1748%5D%22&filter%5B%5D=%7Eprinter_publisher_facet%3A%22%C4%8Cervenka+z+V%C4%9B%C5%BE%C5%88ova%2C+V%C3%A1clav+Vojt%C4%9Bch+-+archiepiscopus+Pragensis+1636-1694%22&lookfor=%C4%8Cervenka+z+V%C4%9B%C5%BE%C5%88ova%2C+V%C3%A1clav+Vojt%C4%9Bch&type=AllFields;
Ctibor Kbelský, Jan, –asi 1635;1620–1621 (lit.: 1619–1621);;;;;"Praha – Staré Město ""U Tří medvědů"" V Kuchynkách [spojeno s Clam-Gallasovským palácem č. p. 158, Mariánské náměstí 3 – Husova 20]";50.0866519;14.4178861;https://www.encyklopedieknihy.cz/index.php?title=Jan_Ctibor_Kbelsk%C3%BD;;https://knihoveda.lib.cas.cz/Search/Results?lookfor=&type=AllFields&filter%5B%5D=%7EpublishPlace_facet%3A%22Praha+%C4%8Cesko%22&filter%5B%5D=%7EpublishPlace_facet%3A%22Praha%22&filter%5B%5D=publishDateSingle%3A%22%5B1621+TO+1748%5D%22&filter%5B%5D=%7Eprinter_publisher_facet%3A%22Ctibor+Kbelsk%C3%BD%2C+Jan%2C+-asi+1635%22&limit=10;
Daniel Sedlčanský ml., dědicové (firma);"1666–1669 (lit.: 1664–1666); faktoři: A. Kastner (lit.: 1664–1666), D. Schmid 1666–1669";;;;;Staré Město;50.0875485;14.4212157;https://www.encyklopedieknihy.cz/index.php?title=Daniel_Sedl%C4%8Dansk%C3%BD_nejst.;zmínka zde;https://knihoveda.lib.cas.cz/Search/Results?filter%5B%5D=%7EpublishPlace_facet%3A%22Praha+%C4%8Cesko%22&filter%5B%5D=%7EpublishPlace_facet%3A%22Praha%22&filter%5B%5D=publishDateSingle%3A%22%5B1621+TO+1748%5D%22&filter%5B%5D=%7Eprinter_publisher_facet%3A%22Daniel+Sedl%C4%8Dansk%C3%BD+ml.%2C+d%C4%9Bdicov%C3%A9+%28firma%29%22&type=AllFields;sed
Dědicové Štěpána Byliny (firma);1624–1630 (lit.: 1626–1630);;;;;"Praha – Staré Město 471 (215) ""U Dvou velbloudů"" v Kunešovic ul. [""U Červeného srdce"", ""U Melantrichů"", Melantrichova 10]";50.0856642;14.4209097;https://www.encyklopedieknihy.cz/index.php?title=%C5%A0t%C4%9Bp%C3%A1n_Bylina;;https://knihoveda.lib.cas.cz/Search/Results?filter%5B%5D=%7EpublishPlace_facet%3A%22Praha+%C4%8Cesko%22&filter%5B%5D=%7EpublishPlace_facet%3A%22Praha%22&filter%5B%5D=publishDateSingle%3A%22%5B1621+TO+1748%5D%22&filter%5B%5D=%7Eprinter_publisher_facet%3A%22D%C4%9Bdicov%C3%A9+%C5%A0t%C4%9Bp%C3%A1na+Byliny+%28firma%29%22&type=AllFields;byl
Emler, Jan Jindřich, činný 1728–1731;1728–1731 (lit.: 1729–1731, 1780–1790 !?);;1730–1731;1730;1731;"Praha – Staré Město 647 (147) ""Štupartský dům"" blíž sv. Jakuba [Jakubská 2 – Malá Štupartská 4]";50.0880514;14.4246781;https://www.encyklopedieknihy.cz/index.php?title=Jan_Jind%C5%99ich_Emler;;https://knihoveda.lib.cas.cz/Search/Results?filter%5B%5D=%7EpublishPlace_facet%3A%22Praha+%C4%8Cesko%22&filter%5B%5D=%7EpublishPlace_facet%3A%22Praha%22&filter%5B%5D=publishDateSingle%3A%22%5B1621+TO+1748%5D%22&filter%5B%5D=%7Eprinter_publisher_facet%3A%22Emler%2C+Jan+Jind%C5%99ich%2C+%C4%8Dinn%C3%BD+1728-1731%22&type=AllFields;
Fický, Jan Norbert, činný 1726–1745;1736–1738;"faktor v jez. t. v Praze 1727–1735 (lit.: 1726–1735); tiskl v t. Kamenického v Praze 1735, faktor v arc. t. v Praze 1739–1745";1736;1736;;"Praha – Staré Město 360 (341) ""U Tří koulí"" blízko sv. Martina na Perštýně [""U Zlaté koule"", Martinská 2 – Na Perštýně 4]";50.0829333;14.4191725;https://www.encyklopedieknihy.cz/index.php?title=Fick%C3%BD_%E2%80%93_Hladk%C3%BD;;https://knihoveda.lib.cas.cz/Search/Results?filter%5B%5D=%7EpublishPlace_facet%3A%22Praha+%C4%8Cesko%22&filter%5B%5D=%7EpublishPlace_facet%3A%22Praha%22&filter%5B%5D=publishDateSingle%3A%22%5B1621+TO+1748%5D%22&filter%5B%5D=%7Eprinter_publisher_facet%3A%22Fick%C3%BD%2C+Jan+Norbert%2C+%C4%8Dinn%C3%BD+1726-1745%22&type=AllFields;fic
Fický, Jan Norbert, činný 1726–1745;1736–1738;"faktor v jez. t. v Praze 1727–1735 (lit.: 1726–1735); tiskl v t. Kamenického v Praze 1735, faktor v arc. t. v Praze 1739–1746";1736–1738;1736;1738;"Praha – Staré Město 345 (384) ""U Dvou medvídků"" Na Perštýně [Na Perštýně 7]";50.0829431;14.4186061;https://www.encyklopedieknihy.cz/index.php?title=Fick%C3%BD_%E2%80%93_Hladk%C3%BD;;https://knihoveda.lib.cas.cz/Search/Results?filter%5B%5D=%7EpublishPlace_facet%3A%22Praha+%C4%8Cesko%22&filter%5B%5D=%7EpublishPlace_facet%3A%22Praha%22&filter%5B%5D=publishDateSingle%3A%22%5B1621+TO+1748%5D%22&filter%5B%5D=%7Eprinter_publisher_facet%3A%22Fick%C3%BD%2C+Jan+Norbert%2C+%C4%8Dinn%C3%BD+1726-1745%22&type=AllFields;fic
Goliáš, Urban Baltazar, –asi 1679;1653–1678 (lit.: 1653–1679);;1653;1653;;"Praha – Staré Město 491 (201) ""U Červeného jelena"" v Železné ulici [Železná 16]";50.0863564;14.4221125;https://www.encyklopedieknihy.cz/index.php?title=Urban_Baltazar_Goli%C3%A1%C5%A1;;https://knihoveda.lib.cas.cz/Search/Results?filter%5B%5D=%7EpublishPlace_facet%3A%22Praha+%C4%8Cesko%22&filter%5B%5D=%7EpublishPlace_facet%3A%22Praha%22&filter%5B%5D=publishDateSingle%3A%22%5B1621+TO+1748%5D%22&filter%5B%5D=%7Eprinter_publisher_facet%3A%22Goli%C3%A1%C5%A1%2C+Urban+Baltazar%2C+-asi+1679%22&type=AllFields;sip
Goliáš, Urban Baltazar, –asi 1679;;;1654;1654;;"Praha – Staré Město 487 (197) ""U Tří lvů"" v Železné ul. [""U Zlatého medvěda"", Kožná 16 – Železná 8]";50.0866453;14.4216547;https://www.encyklopedieknihy.cz/index.php?title=Urban_Baltazar_Goli%C3%A1%C5%A2;;https://knihoveda.lib.cas.cz/Search/Results?filter%5B%5D=%7EpublishPlace_facet%3A%22Praha+%C4%8Cesko%22&filter%5B%5D=%7EpublishPlace_facet%3A%22Praha%22&filter%5B%5D=publishDateSingle%3A%22%5B1621+TO+1748%5D%22&filter%5B%5D=%7Eprinter_publisher_facet%3A%22Goli%C3%A1%C5%A1%2C+Urban+Baltazar%2C+-asi+1679%22&type=AllFields;sip
Goliášová, Ludmila, –asi 1680;;;1679;1679;;"Praha – Staré Město 487 (197) ""U Tří lvů"" v Železné ul. [""U Zlatého medvěda"", Kožná 16 – Železná 8]";50.0866453;14.4216547;https://www.encyklopedieknihy.cz/index.php?title=Urban_Baltazar_Goli%C3%A1%C5%A3;zmínka zde;https://knihoveda.lib.cas.cz/Search/Results?filter%5B%5D=%7EpublishPlace_facet%3A%22Praha+%C4%8Cesko%22&filter%5B%5D=%7EpublishPlace_facet%3A%22Praha%22&filter%5B%5D=publishDateSingle%3A%22%5B1621+TO+1748%5D%22&filter%5B%5D=%7Eprinter_publisher_facet%3A%22Goli%C3%A1%C5%A1ov%C3%A1%2C+Ludmila%2C+-asi+1680%22&type=AllFields;sip
Hampel, Jan Mikuláš, –1694;1684–1694;faktor jez. t. v Praze 1675–1677;1690–1694;1690;1694;Praha – Nové Město, prope s. Mariam ad nives [někde kolem Jungmannova náměstí];50.0833114;14.4235356;https://www.encyklopedieknihy.cz/index.php?title=Jan_Mikul%C3%A1%C5%A1_Hampel;;https://knihoveda.lib.cas.cz/Search/Results?filter%5B%5D=%7EpublishPlace_facet%3A%22Praha+%C4%8Cesko%22&filter%5B%5D=%7EpublishPlace_facet%3A%22Praha%22&filter%5B%5D=publishDateSingle%3A%22%5B1621+TO+1748%5D%22&filter%5B%5D=%7Eprinter_publisher_facet%3A%22Hampel%2C+Jan+Mikul%C3%A1%C5%A1%2C+-1694%22&type=AllFields;ham
Hampeliana (tiskárna);;;;;;Nové Město;50.0833114;14.4235356;https://www.encyklopedieknihy.cz/index.php?title=Jan_Mikul%C3%A1%C5%A1_Hampel;zmínka zde;https://knihoveda.lib.cas.cz/Search/Results?filter%5B%5D=%7EpublishPlace_facet%3A%22Praha+%C4%8Cesko%22&filter%5B%5D=%7EpublishPlace_facet%3A%22Praha%22&filter%5B%5D=publishDateSingle%3A%22%5B1621+TO+1748%5D%22&filter%5B%5D=%7Eprinter_publisher_facet%3A%22Hampeliana+%28tisk%C3%A1rna%29%22&type=AllFields;ham
Hampelová, Anna Voršila, –1711;;;;;;Nové Město;50.0833114;14.4235356;https://www.encyklopedieknihy.cz/index.php?title=Jan_Mikul%C3%A1%C5%A1_Hampel;zmínka zde;https://knihoveda.lib.cas.cz/Search/Results?filter%5B%5D=%7EpublishPlace_facet%3A%22Praha+%C4%8Cesko%22&filter%5B%5D=%7EpublishPlace_facet%3A%22Praha%22&filter%5B%5D=publishDateSingle%3A%22%5B1621+TO+1748%5D%22&filter%5B%5D=%7Eprinter_publisher_facet%3A%22Hampelov%C3%A1%2C+Anna+Vor%C5%A1ila%2C+-1711%22&type=AllFields;ham
Hampelová, Anna Zuzana, činná 1713;;;;;;Nové Město;50.0833114;14.4235356;https://www.encyklopedieknihy.cz/index.php?title=Jan_Mikul%C3%A1%C5%A1_Hampel;zmínka zde;https://knihoveda.lib.cas.cz/Search/Results?lookfor=&type=AllFields&filter%5B%5D=%7EpublishPlace_facet%3A%22Praha+%C4%8Cesko%22&filter%5B%5D=%7EpublishPlace_facet%3A%22Praha%22&filter%5B%5D=publishDateSingle%3A%22%5B1621+TO+1748%5D%22&filter%5B%5D=%7Eprinter_publisher_facet%3A%22Hampelov%C3%A1%2C+Anna+Zuzana%2C+%C4%8Dinn%C3%A1+1713%22&limit=10;ham
Helm, Jan Václav, –1732;1708–1732 (lit. 1706–1731);;1713;1713;;"Praha – Staré Město 440 (241) ""U Pěti tykví"" blíž ""Zlatého melounu"" v Michalské ul. [Michalská 11]";50.0850381;14.4198769;https://www.encyklopedieknihy.cz/index.php?title=Jan_V%C3%A1clav_Helm;;https://knihoveda.lib.cas.cz/Search/Results?filter%5B%5D=%7EpublishPlace_facet%3A%22Praha+%C4%8Cesko%22&filter%5B%5D=%7EpublishPlace_facet%3A%22Praha%22&filter%5B%5D=publishDateSingle%3A%22%5B1621+TO+1748%5D%22&filter%5B%5D=%7Eprinter_publisher_facet%3A%22Helm%2C+Jan+V%C3%A1clav%2C+-1732%22&type=AllFields;
Helm, Jan Václav, –1732;1708–1732 (lit. 1706–1731);;1718–1719;1718;1719;"Praha – Staré Město 448 (236) ""U Zlaté abc"" nedaleko ""Železných dveří"" v Jilské ul. [Jilská 12]";50.0850656;14.4191614;https://www.encyklopedieknihy.cz/index.php?title=Jan_V%C3%A1clav_Helm;;https://knihoveda.lib.cas.cz/Search/Results?filter%5B%5D=%7EpublishPlace_facet%3A%22Praha+%C4%8Cesko%22&filter%5B%5D=%7EpublishPlace_facet%3A%22Praha%22&filter%5B%5D=publishDateSingle%3A%22%5B1621+TO+1748%5D%22&filter%5B%5D=%7Eprinter_publisher_facet%3A%22Helm%2C+Jan+V%C3%A1clav%2C+-1732%22&type=AllFields;
Hertel, Adolf Bedřich;1745;;;;;Staré Město;50.0875485;14.4212157;;;https://knihoveda.lib.cas.cz/Search/Results?lookfor=&type=AllFields&filter%5B%5D=%7EpublishPlace_facet%3A%22Praha+%C4%8Cesko%22&filter%5B%5D=%7EpublishPlace_facet%3A%22Praha%22&filter%5B%5D=publishDateSingle%3A%22%5B1621+TO+1748%5D%22&filter%5B%5D=%7Eprinter_publisher_facet%3A%22Hertel%2C+Adolf+Bed%C5%99ich%22&limit=10;
Hraba, Jan Karel, –1793;1738–1790;;;;;"Praha – Staré Město 232 (373) ""U Tří stříbrných růží"" v Dominikánské ul. [Jalovcová 1 – Husova 10]";50.0856342;14.4184228;https://www.encyklopedieknihy.cz/index.php?title=Karel_Jan_Hraba;zmínka zde;https://knihoveda.lib.cas.cz/Search/Results?filter%5B%5D=%7EpublishPlace_facet%3A%22Praha+%C4%8Cesko%22&filter%5B%5D=%7EpublishPlace_facet%3A%22Praha%22&filter%5B%5D=publishDateSingle%3A%22%5B1621+TO+1748%5D%22&filter%5B%5D=%7Eprinter_publisher_facet%3A%22Hraba%2C+Jan+Karel%2C+-1793%22&type=AllFields;hra
Hraba, Karel Jan, –1735;;;1714–1717 ;1714;1717;"Praha – Staré Město 416 (338) ""Platejský dům"" na Uhelném trhu [Národní 37 – Uhelný trh 11 – Martinská 10]";50.0834492;14.4202778;https://www.encyklopedieknihy.cz/index.php?title=Karel_Jan_Hraba;;https://knihoveda.lib.cas.cz/Search/Results?filter%5B%5D=%7EpublishPlace_facet%3A%22Praha+%C4%8Cesko%22&filter%5B%5D=%7EpublishPlace_facet%3A%22Praha%22&filter%5B%5D=publishDateSingle%3A%22%5B1621+TO+1748%5D%22&filter%5B%5D=%7Eprinter_publisher_facet%3A%22Hraba%2C+Karel+Jan%2C+-1735%22&type=AllFields;hra
Hraba, Karel Jan, –1735;;;1717–1735;1717;1735;"Praha – Staré Město 232 (373) ""U Tří stříbrných růží"" v Dominikánské ul. [Jalovcová 1 – Husova 10]";50.0856342;14.4184228;https://www.encyklopedieknihy.cz/index.php?title=Karel_Jan_Hraba;;https://knihoveda.lib.cas.cz/Search/Results?filter%5B%5D=%7EpublishPlace_facet%3A%22Praha+%C4%8Cesko%22&filter%5B%5D=%7EpublishPlace_facet%3A%22Praha%22&filter%5B%5D=publishDateSingle%3A%22%5B1621+TO+1748%5D%22&filter%5B%5D=%7Eprinter_publisher_facet%3A%22Hraba%2C+Karel+Jan%2C+-1735%22&type=AllFields;hra
Jan Karel Jeřábek, dědicové (firma);;;1713;1713;;"Praha – Staré Město 405 (313) ""U Zlaté hvězdy"" vedle rychty V Kotcích [zrušeno a spojeno s č. p. 406 (314), Rytířská 10]";50.0844886;14.4218494;https://www.encyklopedieknihy.cz/index.php?title=Jan_Karel_Je%C5%99%C3%A1bek;zmínka zde;https://knihoveda.lib.cas.cz/Search/Results?filter%5B%5D=%7EpublishPlace_facet%3A%22Praha+%C4%8Cesko%22&filter%5B%5D=%7EpublishPlace_facet%3A%22Praha%22&filter%5B%5D=publishDateSingle%3A%22%5B1621+TO+1748%5D%22&filter%5B%5D=%7Eprinter_publisher_facet%3A%22Jan+Karel+Je%C5%99%C3%A1bek%2C+d%C4%9Bdicov%C3%A9+%28firma%29%22&type=AllFields;jer
Jeřábek, Ignác, činný 1729–;;;;;;Staré Město;50.0875485;14.4212157;https://www.encyklopedieknihy.cz/index.php?title=Jan_Karel_Je%C5%99%C3%A1bek;zmínka zde;https://knihoveda.lib.cas.cz/Search/Results?lookfor=&type=AllFields&filter%5B%5D=%7EpublishPlace_facet%3A%22Praha+%C4%8Cesko%22&filter%5B%5D=%7EpublishPlace_facet%3A%22Praha%22&filter%5B%5D=publishDateSingle%3A%22%5B1621+TO+1748%5D%22&filter%5B%5D=%7Eprinter_publisher_facet%3A%22Je%C5%99%C3%A1bek%2C+Ign%C3%A1c%2C+%C4%8Dinn%C3%BD+1729-%22&limit=10;jer
Jeřábek, Jan Julius, činný 1733–1754;1733–1754;;1733–1735;1733;1735;"Praha – Staré Město 448 (236) ""U Zlaté abc"" v Jilské ul. [Jilská 12]";50.0850656;14.4191614;https://www.encyklopedieknihy.cz/index.php?title=Jan_Karel_Je%C5%99%C3%A1bek;zmínka zde;https://knihoveda.lib.cas.cz/Search/Results?filter%5B%5D=%7EpublishPlace_facet%3A%22Praha+%C4%8Cesko%22&filter%5B%5D=%7EpublishPlace_facet%3A%22Praha%22&filter%5B%5D=publishDateSingle%3A%22%5B1621+TO+1748%5D%22&filter%5B%5D=%7Eprinter_publisher_facet%3A%22Je%C5%99%C3%A1bek%2C+Jan+Julius%2C+%C4%8Dinn%C3%BD+1733-1754%22&type=AllFields;jer
Jeřábek, Jan Julius, činný 1733–1754;1733–1754;;1735;1735;;"Praha – Staré Město 411 (319) ""U Machtů"" v Kotcích [Rytířská 4]";50.0839689;14.4210556;https://www.encyklopedieknihy.cz/index.php?title=Jan_Karel_Je%C5%99%C3%A1bek;zmínka zde;https://knihoveda.lib.cas.cz/Search/Results?filter%5B%5D=%7EpublishPlace_facet%3A%22Praha+%C4%8Cesko%22&filter%5B%5D=%7EpublishPlace_facet%3A%22Praha%22&filter%5B%5D=publishDateSingle%3A%22%5B1621+TO+1748%5D%22&filter%5B%5D=%7Eprinter_publisher_facet%3A%22Je%C5%99%C3%A1bek%2C+Jan+Julius%2C+%C4%8Dinn%C3%BD+1733-1754%22&type=AllFields;jer
Jeřábek, Jan Julius, činný 1733–1754;1733–1754;;1739–1741;1739;1741;"Praha – Staré Město 388 (297) ""U Zlatého jednorožce"" Na Můstku [Na Můstku 11 – Na Příkopě 1]";50.0843358;14.4234581;https://www.encyklopedieknihy.cz/index.php?title=Jan_Karel_Je%C5%99%C3%A1bek;zmínka zde;https://knihoveda.lib.cas.cz/Search/Results?filter%5B%5D=%7EpublishPlace_facet%3A%22Praha+%C4%8Cesko%22&filter%5B%5D=%7EpublishPlace_facet%3A%22Praha%22&filter%5B%5D=publishDateSingle%3A%22%5B1621+TO+1748%5D%22&filter%5B%5D=%7Eprinter_publisher_facet%3A%22Je%C5%99%C3%A1bek%2C+Jan+Julius%2C+%C4%8Dinn%C3%BD+1733-1754%22&type=AllFields;jer
Jeřábek, Jan Karel, –1705;1686–1704 (lit.: 1686–1705 nebo 1712);;;;;Staré Město;50.0875485;14.4212157;https://www.encyklopedieknihy.cz/index.php/Jan_Karel_Je%C5%99%C3%A1bek;;https://knihoveda.lib.cas.cz/Search/Results?filter%5B%5D=%7EpublishPlace_facet%3A%22Praha+%C4%8Cesko%22&filter%5B%5D=%7EpublishPlace_facet%3A%22Praha%22&filter%5B%5D=publishDateSingle%3A%22%5B1621+TO+1748%5D%22&filter%5B%5D=%7Eprinter_publisher_facet%3A%22Je%C5%99%C3%A1bek%2C+Jan+Karel%2C+-1705%22&type=AllFields;jer
Jeřábek, Karel Josef, činný 1710–1736;1710–1736;;1722–1733;1722;1733;"Praha – Staré Město 432 (247) naproti ""Železným dveřím"" blíž ""Zlatého melounu"" v Michalské ul. [Michalská 12]";50.0852844;14.4200006;https://www.encyklopedieknihy.cz/index.php?title=Jan_Karel_Je%C5%99%C3%A1bek;zmínka zde;https://knihoveda.lib.cas.cz/Search/Results?filter%5B%5D=%7EpublishPlace_facet%3A%22Praha+%C4%8Cesko%22&filter%5B%5D=%7EpublishPlace_facet%3A%22Praha%22&filter%5B%5D=publishDateSingle%3A%22%5B1621+TO+1748%5D%22&filter%5B%5D=%7Eprinter_publisher_facet%3A%22Je%C5%99%C3%A1bek%2C+Karel+Josef%2C+%C4%8Dinn%C3%BD+1710-1736%22&type=AllFields;jer
Jezuitská tiskárna (Praha, Česko);1635–1773;;1635–1636;1635;1636;Praha – Staré Město 541 (27), Karolinum (velká kolej) v Královské ul. [Ovocný trh 1–3 – Železná 9 – Kamzíkova 2];50.0862192;14.4231789;https://www.encyklopedieknihy.cz/index.php/Jezuitsk%C3%A1_tisk%C3%A1rna_%E2%80%93_Praha;;https://knihoveda.lib.cas.cz/Search/Results?filter%5B%5D=%7EpublishPlace_facet%3A%22Praha+%C4%8Cesko%22&filter%5B%5D=%7EpublishPlace_facet%3A%22Praha%22&filter%5B%5D=%7Eprinter_publisher_facet%3A%22Jezuitsk%C3%A1+tisk%C3%A1rna+%28Praha%2C+%C4%8Cesko%29%22&type=AllFields&daterange%5B%5D=publishDateSingle&publishDateSinglefrom=1621&publishDateSingleto=1748;
Jezuitská tiskárna (Praha, Česko);1635–1773;;1636–1639;1636;1639;Praha – Staré Město 190 (589) stará kolej (Klementinum) v Jezuitské ul. [Karlova 1 – Platnéřská 10 – Seminářská 1 – Mariánské náměstí 5];50.086605;14.4156719;https://www.encyklopedieknihy.cz/index.php/Jezuitsk%C3%A1_tisk%C3%A1rna_%E2%80%93_Praha;;https://knihoveda.lib.cas.cz/Search/Results?filter%5B%5D=%7EpublishPlace_facet%3A%22Praha+%C4%8Cesko%22&filter%5B%5D=%7EpublishPlace_facet%3A%22Praha%22&filter%5B%5D=%7Eprinter_publisher_facet%3A%22Jezuitsk%C3%A1+tisk%C3%A1rna+%28Praha%2C+%C4%8Cesko%29%22&type=AllFields&daterange%5B%5D=publishDateSingle&publishDateSinglefrom=1621&publishDateSingleto=1748;
Jezuitská tiskárna (Praha, Česko);1635–1773;;1639–1654;1639;1654;Praha – Staré Město 240 (540) Svatováclavský seminář v Dominikánské ul. [Husova  5 – Zlatá b. č.];50.0847786;14.41808;https://www.encyklopedieknihy.cz/index.php/Jezuitsk%C3%A1_tisk%C3%A1rna_%E2%80%93_Praha;;https://knihoveda.lib.cas.cz/Search/Results?filter%5B%5D=%7EpublishPlace_facet%3A%22Praha+%C4%8Cesko%22&filter%5B%5D=%7EpublishPlace_facet%3A%22Praha%22&filter%5B%5D=%7Eprinter_publisher_facet%3A%22Jezuitsk%C3%A1+tisk%C3%A1rna+%28Praha%2C+%C4%8Cesko%29%22&type=AllFields&daterange%5B%5D=publishDateSingle&publishDateSinglefrom=1621&publishDateSingleto=1748;
Jezuitská tiskárna (Praha, Česko);1635–1773;;1656–1773;1656;1773;Praha – Staré Město 190 (589) stará kolej (Klementinum) v Jezuitské ul. [Karlova 1 – Platnéřská 10 – Seminářská 1 – Mariánské náměstí 5];50.086605;14.4156719;https://www.encyklopedieknihy.cz/index.php/Jezuitsk%C3%A1_tisk%C3%A1rna_%E2%80%93_Praha;;https://knihoveda.lib.cas.cz/Search/Results?filter%5B%5D=%7EpublishPlace_facet%3A%22Praha+%C4%8Cesko%22&filter%5B%5D=%7EpublishPlace_facet%3A%22Praha%22&filter%5B%5D=%7Eprinter_publisher_facet%3A%22Jezuitsk%C3%A1+tisk%C3%A1rna+%28Praha%2C+%C4%8Cesko%29%22&type=AllFields&daterange%5B%5D=publishDateSingle&publishDateSinglefrom=1621&publishDateSingleto=1748;
Jiří Ondřej Laboun, dědicové (firma);1725–1736;;;;;Praha – Staré Město 541 (27), Karolinum (velká kolej) v Královské ul. [Ovocný trh 1–3 – Železná 9 – Kamzíkova 2];50.0862192;14.4231789;https://www.encyklopedieknihy.cz/index.php?title=Ji%C5%99%C3%AD_Laboun_st.;zmínka zde;https://knihoveda.lib.cas.cz/Search/Results?filter%5B%5D=%7EpublishPlace_facet%3A%22Praha+%C4%8Cesko%22&filter%5B%5D=%7EpublishPlace_facet%3A%22Praha%22&filter%5B%5D=publishDateSingle%3A%22%5B1621+TO+1748%5D%22&filter%5B%5D=%7Eprinter_publisher_facet%3A%22Ji%C5%99%C3%AD+Ond%C5%99ej+Laboun%2C+d%C4%9Bdicov%C3%A9+%28firma%29%22&type=AllFields;lab
Kamenický, Jáchym Jan, činný 1707–1733;1716–1733;faktor jez. t. v Praze 1707–1716;1716;1716;;"Praha – Staré Město vedle ""Zlaté hvězdy"" na Uhelném trhu [Rytířská vedle č. o. 10]";50.0840856;14.4212425;https://www.encyklopedieknihy.cz/index.php?title=Daniel_Vojt%C4%9Bch_Kamenick%C3%BD;zmínka zde;https://knihoveda.lib.cas.cz/Search/Results?filter%5B%5D=%7EpublishPlace_facet%3A%22Praha+%C4%8Cesko%22&filter%5B%5D=%7EpublishPlace_facet%3A%22Praha%22&filter%5B%5D=publishDateSingle%3A%22%5B1621+TO+1748%5D%22&filter%5B%5D=%7Eprinter_publisher_facet%3A%22Kamenick%C3%BD%2C+J%C3%A1chym+Jan%2C+%C4%8Dinn%C3%BD+1707-1733%22&type=AllFields;kam
Kamenický, Jáchym Jan, činný 1707–1733;1716–1733;faktor jez. t. v Praze 1707–1716;1719–1720;1719;1720;"Praha – Staré Město vedle ""Zlaté hvězdy"" blíž Staré rychty v Kotcích (pod podloubím blíž Uhelného trhu) [Rytířská vedle č. o. 10]";50.0840856;14.4212425;https://www.encyklopedieknihy.cz/index.php?title=Daniel_Vojt%C4%9Bch_Kamenick%C3%BD;zmínka zde;https://knihoveda.lib.cas.cz/Search/Results?filter%5B%5D=%7EpublishPlace_facet%3A%22Praha+%C4%8Cesko%22&filter%5B%5D=%7EpublishPlace_facet%3A%22Praha%22&filter%5B%5D=publishDateSingle%3A%22%5B1621+TO+1748%5D%22&filter%5B%5D=%7Eprinter_publisher_facet%3A%22Kamenick%C3%BD%2C+J%C3%A1chym+Jan%2C+%C4%8Dinn%C3%BD+1707-1733%22&type=AllFields;kam
Kamenický, Leopold, činný 1733–1771;1733–1734;faktor jez. t. v Praze 1735–1739;;;;Staré Město;50.0875485;14.4212157;https://www.encyklopedieknihy.cz/index.php?title=Daniel_Vojt%C4%9Bch_Kamenick%C3%BD;zmínka zde;https://knihoveda.lib.cas.cz/Search/Results?filter%5B%5D=%7EpublishPlace_facet%3A%22Praha+%C4%8Cesko%22&filter%5B%5D=%7EpublishPlace_facet%3A%22Praha%22&filter%5B%5D=publishDateSingle%3A%22%5B1621+TO+1748%5D%22&filter%5B%5D=%7Eprinter_publisher_facet%3A%22Kamenick%C3%BD%2C+Leopold%2C+%C4%8Dinn%C3%BD+1733-1771%22&type=AllFields;kam
Karel Jan Hraba, dědicové (firma : 1735–1738);;;1735–1738;1735;1738;"Praha – Staré Město 232 (373) ""U Tří stříbrných růží"" v Dominikánské ul. [Jalovcová 1 – Husova 10]";50.0856342;14.4184228;https://www.encyklopedieknihy.cz/index.php?title=Karel_Jan_Hraba;zmínka zde;https://knihoveda.lib.cas.cz/Search/Results?filter%5B%5D=%7EpublishPlace_facet%3A%22Praha+%C4%8Cesko%22&filter%5B%5D=%7EpublishPlace_facet%3A%22Praha%22&filter%5B%5D=publishDateSingle%3A%22%5B1621+TO+1748%5D%22&filter%5B%5D=%7Eprinter_publisher_facet%3A%22Karel+Jan+Hraba%2C+d%C4%9Bdicov%C3%A9+%28firma+%3A+1735-1738%29%22&type=AllFields;hra
Klauserová, Žofie Johana, –1780;;;1746–1751;1746;1751;"Praha – Staré Město 403 (290) Budinovský dům vedle ""Zlatého kola"" proti klášteru sv. Havla v Kotcích [""U Modrého sloupu"", Rytířská 16]";50.0849797;14.4227031;https://www.encyklopedieknihy.cz/index.php?title=Karel_Franti%C5%A1ek_Rosenm%C3%BCller_st.;;https://knihoveda.lib.cas.cz/Search/Results?filter%5B%5D=%7EpublishPlace_facet%3A%22Praha+%C4%8Cesko%22&filter%5B%5D=%7EpublishPlace_facet%3A%22Praha%22&filter%5B%5D=publishDateSingle%3A%22%5B1621+TO+1748%5D%22&filter%5B%5D=%7Eprinter_publisher_facet%3A%22Klauserov%C3%A1%2C+%C5%BDofie+Johana%2C+-1780%22&type=AllFields;ros
Koniáš, Vojtěch Jiří, činný 1685–1710;Praha 1697–1710 (lit.: 1699–1706);"faktor arc. t. v Praze 1685; faktor jez. t. v Praze 1693–1697 (lit.: 1694–1698)";1700;1700;;"Praha – Staré Město, ""U Tří andělů"" blíž mostu [asi č. p. 173 (519) v Jezuitské ul., n. Karlova 24]";50.0859531;14.4169344;https://www.encyklopedieknihy.cz/index.php?title=Vojt%C4%9Bch_Ji%C5%99%C3%AD_Koni%C3%A1%C5%A1;;https://knihoveda.lib.cas.cz/Search/Results?filter%5B%5D=%7EpublishPlace_facet%3A%22Praha+%C4%8Cesko%22&filter%5B%5D=%7EpublishPlace_facet%3A%22Praha%22&filter%5B%5D=publishDateSingle%3A%22%5B1621+TO+1748%5D%22&filter%5B%5D=%7Eprinter_publisher_facet%3A%22Koni%C3%A1%C5%A1%2C+Vojt%C4%9Bch+Ji%C5%99%C3%AD%2C+%C4%8Dinn%C3%BD+1685-1710%22&type=AllFields;kon
Koniášová, Kateřina Alžběta, –asi 1713;1712;;;;;Staré Město;50.0875485;14.4212157;https://www.encyklopedieknihy.cz/index.php?title=Vojt%C4%9Bch_Ji%C5%99%C3%AD_Koni%C3%A1%C5%A2;zmínka zde;https://knihoveda.lib.cas.cz/Search/Results?lookfor=&type=AllFields&filter%5B%5D=%7EpublishPlace_facet%3A%22Praha+%C4%8Cesko%22&filter%5B%5D=%7EpublishPlace_facet%3A%22Praha%22&filter%5B%5D=publishDateSingle%3A%22%5B1621+TO+1748%5D%22&filter%5B%5D=%7Eprinter_publisher_facet%3A%22Koni%C3%A1%C5%A1ov%C3%A1%2C+Kate%C5%99ina+Al%C5%BEb%C4%9Bta%2C+-asi+1713%22&limit=10;kon
Koudelka, Matěj Bedřich, činný 1739–1741;1739–1741;;;;;Praha – Staré Město, Železná ul.;50.0865106;14.4220706;https://www.encyklopedieknihy.cz/index.php?title=Mat%C4%9Bj_Bed%C5%99ich_Koudelka;;https://knihoveda.lib.cas.cz/Search/Results?filter%5B%5D=%7EpublishPlace_facet%3A%22Praha+%C4%8Cesko%22&filter%5B%5D=%7EpublishPlace_facet%3A%22Praha%22&filter%5B%5D=publishDateSingle%3A%22%5B1621+TO+1748%5D%22&filter%5B%5D=%7Eprinter_publisher_facet%3A%22Koudelka%2C+Mat%C4%9Bj+Bed%C5%99ich%2C+%C4%8Dinn%C3%BD+1739-1741%22&type=AllFields;kou
Kraus, Jan, činný 1636;;;;;;Staré Město;50.0875485;14.4212157;https://www.encyklopedieknihy.cz/index.php?title=Jan_Kraus;;https://knihoveda.lib.cas.cz/Search/Results?lookfor=&type=AllFields&filter%5B%5D=%7EpublishPlace_facet%3A%22Praha+%C4%8Cesko%22&filter%5B%5D=%7EpublishPlace_facet%3A%22Praha%22&filter%5B%5D=publishDateSingle%3A%22%5B1621+TO+1748%5D%22&filter%5B%5D=%7Eprinter_publisher_facet%3A%22Kraus%2C+Jan%2C+%C4%8Dinn%C3%BD+1636%22&limit=10;
Kyncl, Jan Petr, činný 1728–1736;1734;;;;;Staré Město;50.0875485;14.4212157;https://www.encyklopedieknihy.cz/index.php?title=Ji%C5%99%C3%AD_Vojt%C4%9Bch_Kyncl;zmínka zde;https://knihoveda.lib.cas.cz/Search/Results?lookfor=&type=AllFields&filter%5B%5D=%7EpublishPlace_facet%3A%22Praha+%C4%8Cesko%22&filter%5B%5D=%7EpublishPlace_facet%3A%22Praha%22&filter%5B%5D=publishDateSingle%3A%22%5B1621+TO+1748%5D%22&filter%5B%5D=%7Eprinter_publisher_facet%3A%22Kyncl%2C+Jan+Petr%2C+%C4%8Dinn%C3%BD+1728-1736%22&limit=10;
Laboun, Jiří Ondřej, –1725;1713–1725;;;;;Praha – Staré Město 541 (27), Karolinum (velká kolej) v Královské ul. [Ovocný trh 1–3 – Železná 9 – Kamzíkova 2];50.0862192;14.4231789;https://www.encyklopedieknihy.cz/index.php?title=Ji%C5%99%C3%AD_Laboun_st.;zmínka zde;https://knihoveda.lib.cas.cz/Search/Results?filter%5B%5D=%7EpublishPlace_facet%3A%22Praha+%C4%8Cesko%22&filter%5B%5D=%7EpublishPlace_facet%3A%22Praha%22&filter%5B%5D=publishDateSingle%3A%22%5B1621+TO+1748%5D%22&filter%5B%5D=%7Eprinter_publisher_facet%3A%22Laboun%2C+Ji%C5%99%C3%AD+Ond%C5%99ej%2C+-1725%22&type=AllFields;lab
Laboun, Jiří, ml., –asi 1749;;;;;;Praha – Staré Město 541 (27), Karolinum (velká kolej) v Královské ul. [Ovocný trh 1–3 – Železná 9 – Kamzíkova 2];50.0862192;14.4231789;https://www.encyklopedieknihy.cz/index.php?title=Ji%C5%99%C3%AD_Laboun_st.;zmínka zde;https://knihoveda.lib.cas.cz/Search/Results?filter%5B%5D=%7EpublishPlace_facet%3A%22Praha+%C4%8Cesko%22&filter%5B%5D=%7EpublishPlace_facet%3A%22Praha%22&filter%5B%5D=publishDateSingle%3A%22%5B1621+TO+1748%5D%22&filter%5B%5D=%7Eprinter_publisher_facet%3A%22Laboun%2C+Ji%C5%99%C3%AD%2C+-asi+1749%22&filter%5B%5D=%7Eprinter_publisher_facet%3A%22Laboun%2C+Ji%C5%99%C3%AD%2C+ml.%2C+-asi+1749%22&type=AllFields;lab
Laboun, Jiří, st., –1710;1686–1708;;;;;Praha – Staré Město 541 (27), Karolinum (velká kolej) v Královské ul. [Ovocný trh 1–3 – Železná 9 – Kamzíkova 2];50.0862192;14.4231789;https://www.encyklopedieknihy.cz/index.php?title=Ji%C5%99%C3%AD_Laboun_st.;;https://knihoveda.lib.cas.cz/Search/Results?filter%5B%5D=%7EpublishPlace_facet%3A%22Praha+%C4%8Cesko%22&filter%5B%5D=%7EpublishPlace_facet%3A%22Praha%22&filter%5B%5D=publishDateSingle%3A%22%5B1621+TO+1748%5D%22&filter%5B%5D=%7Eprinter_publisher_facet%3A%22Laboun%2C+Ji%C5%99%C3%AD%2C+st.%2C+-1710%22&type=AllFields;lab
Leopold, Tobiáš, –asi 1626;1616–1623;;;;;Praha – Staré Město v osadě Betlémské [v okolí Betlémské kaple];50.0840628;14.4175542;https://www.encyklopedieknihy.cz/index.php?title=Tobi%C3%A1%C5%A1_Leopold;;https://knihoveda.lib.cas.cz/Search/Results?filter%5B%5D=%7EpublishPlace_facet%3A%22Praha+%C4%8Cesko%22&filter%5B%5D=%7EpublishPlace_facet%3A%22Praha%22&filter%5B%5D=publishDateSingle%3A%22%5B1621+TO+1748%5D%22&filter%5B%5D=%7Eprinter_publisher_facet%3A%22Leopold%2C+Tobi%C3%A1%C5%A1%2C+-asi+1626%22&type=AllFields;
Léva z Brozánek, Zikmund, činný 1619–1645;1624–1631 (lit.: 1619–1632);;;;;Praha – Staré Město v Kunešovic ulici [Melantrichova];50.0854928;14.4209636;https://www.encyklopedieknihy.cz/index.php?title=Zikmund_L%C3%A9va_z_Broz%C3%A1nek;;https://knihoveda.lib.cas.cz/Search/Results?filter%5B%5D=%7EpublishPlace_facet%3A%22Praha+%C4%8Cesko%22&filter%5B%5D=%7EpublishPlace_facet%3A%22Praha%22&filter%5B%5D=publishDateSingle%3A%22%5B1621+TO+1748%5D%22&filter%5B%5D=%7Eprinter_publisher_facet%3A%22L%C3%A9va+z+Broz%C3%A1nek%2C+Zikmund%2C+%C4%8Dinn%C3%BD+1619-1645%22&type=AllFields;
Matz, Hans;;;;;;Staré Město;50.0875485;14.4212157;https://www.encyklopedieknihy.cz/index.php?title=Hans_Matz;;https://knihoveda.lib.cas.cz/Search/Results?lookfor=&type=AllFields&filter%5B%5D=%7EpublishPlace_facet%3A%22Praha+%C4%8Cesko%22&filter%5B%5D=publishDateSingle%3A%22%5B1621+TO+1748%5D%22&filter%5B%5D=%7Eprinter_publisher_facet%3A%22Matz%2C+Hans%22&limit=10;
Michálek, Daniel, 1655–1689;"Praha 1671–1689 (lit.: 1677–1689; zam. J. Müller 1684)";;1677–1689;1677;1689;"Praha – Staré Město 504 (257) v tarmarce ""U Mrázů"" v Uhelné ul. [Melantrichova 5 – Havelská 17]";50.0851758;14.4212308;https://www.encyklopedieknihy.cz/index.php?title=Daniel_Sedl%C4%8Dansk%C3%BD_nejst.;zmínka zde;https://knihoveda.lib.cas.cz/Search/Results?filter%5B%5D=%7EpublishPlace_facet%3A%22Praha+%C4%8Cesko%22&filter%5B%5D=%7EpublishPlace_facet%3A%22Praha%22&filter%5B%5D=publishDateSingle%3A%22%5B1621+TO+1748%5D%22&filter%5B%5D=%7Eprinter_publisher_facet%3A%22Mich%C3%A1lek%2C+Daniel%2C+1655-1689%22&type=AllFields;sed
Michálková, Eva Polexina, činná 1689–1696;Praha 1689–1696 (lit.: 1689–1707?);;1689–1691;1689;1691;"Praha – Staré Město 504 (257) v tarmarce ""U Mrázů"" v Uhelné ul. [Melantrichova 5 – Havelská 17]";50.0851758;14.4212308;https://www.encyklopedieknihy.cz/index.php?title=Daniel_Sedl%C4%8Dansk%C3%BD_nejst.;zmínka zde;https://knihoveda.lib.cas.cz/Search/Results?filter%5B%5D=%7EpublishPlace_facet%3A%22Praha+%C4%8Cesko%22&filter%5B%5D=%7EpublishPlace_facet%3A%22Praha%22&filter%5B%5D=publishDateSingle%3A%22%5B1621+TO+1748%5D%22&filter%5B%5D=%7Eprinter_publisher_facet%3A%22Mich%C3%A1lkov%C3%A1%2C+Eva+Polexina%2C+%C4%8Dinn%C3%A1+1689-1696%22&type=AllFields;sed
Mullem, Jan Konrád, činný 1735;;;;;;Praha – Staré Město proti českému kostelu v Jezuitské ul. [Karlova];50.0860239;14.4156322;;;https://knihoveda.lib.cas.cz/Search/Results?lookfor=&type=AllFields&filter%5B%5D=%7EpublishPlace_facet%3A%22Praha+%C4%8Cesko%22&filter%5B%5D=%7EpublishPlace_facet%3A%22Praha%22&filter%5B%5D=publishDateSingle%3A%22%5B1621+TO+1748%5D%22&filter%5B%5D=%7Eprinter_publisher_facet%3A%22Mullem%2C+Jan+Konr%C3%A1d%2C+%C4%8Dinn%C3%BD+1735%22&limit=10;
Mullem, Konrád, činný 1687–1722;;;;;;Staré Město;50.0875485;14.4212157;;;https://knihoveda.lib.cas.cz/Search/Results?filter%5B%5D=%7EpublishPlace_facet%3A%22Praha+%C4%8Cesko%22&filter%5B%5D=%7EpublishPlace_facet%3A%22Praha%22&filter%5B%5D=publishDateSingle%3A%22%5B1621+TO+1748%5D%22&filter%5B%5D=%7Eprinter_publisher_facet%3A%22Mullem%2C+Konr%C3%A1d%2C+%C4%8Dinn%C3%BD+1687-1722%22&type=AllFields;
Pardubský, Matěj, –asi 1637;Praha 1613–1620, 1632? (lit.: 1612–1620, 1631–1632);;;;;"Praha – Staré Město ""U Tří medvědů"" V Kuchynkách [spojeno s Clam-Gallasovským palácem č. p. 158, Mariánské náměstí 3 - Husova 20]";50.0866519;14.4178861;https://www.encyklopedieknihy.cz/index.php?title=Mat%C4%9Bj_Pardubsk%C3%BD;;https://knihoveda.lib.cas.cz/Search/Results?lookfor=&type=AllFields&filter%5B%5D=%7EpublishPlace_facet%3A%22Praha+%C4%8Cesko%22&filter%5B%5D=%7EpublishPlace_facet%3A%22Praha%22&filter%5B%5D=publishDateSingle%3A%22%5B1621+TO+1748%5D%22&filter%5B%5D=%7Eprinter_publisher_facet%3A%22Pardubsk%C3%BD%2C+Mat%C4%9Bj%2C+-asi+1637%22&limit=10;
Preiss, Antonín Jan, –asi 1790;1739;"faktor u dědiců J. M. Svobody v Brně 1742–1743 (lit.: 1739–1749 u M. B. Svobodové); (lit.: faktor u A. T. Svobodové ve Znojmě před 1743)";;;;Praha – Staré Město v Železné ul.;50.0865103;14.4220703;https://www.encyklopedieknihy.cz/index.php?title=Anton%C3%ADn_Jan_Prezkius;;https://knihoveda.lib.cas.cz/Search/Results?filter%5B%5D=%7EpublishPlace_facet%3A%22Praha+%C4%8Cesko%22&filter%5B%5D=publishDateSingle%3A%22%5B1621+TO+1748%5D%22&filter%5B%5D=%7Eprinter_publisher_facet%3A%22Preiss%2C+Anton%C3%ADn+Jan%2C+-asi+1790%22&filter%5B%5D=%7Eprinter_publisher_facet%3A%22Prezkius%2C+Johann%22&type=AllFields;
Průša, Ignác František, –1762;1744 [!?], 1747–1763 (lit.: 1748–1763);;1744;1744;;Praha – Staré Město 145 (546) vedle paradísu v domě Hartmanském v Jezuitské ul. [Karlova 25];50.0863453;14.4189408;https://www.encyklopedieknihy.cz/index.php?title=Ign%C3%A1c_Franti%C5%A1ek_Pr%C5%AF%C5%A1a;;https://knihoveda.lib.cas.cz/Search/Results?filter%5B%5D=%7EpublishPlace_facet%3A%22Praha+%C4%8Cesko%22&filter%5B%5D=%7EpublishPlace_facet%3A%22Praha%22&filter%5B%5D=publishDateSingle%3A%22%5B1621+TO+1748%5D%22&filter%5B%5D=%7Eprinter_publisher_facet%3A%22Pr%C5%AF%C5%A1a%2C+Ign%C3%A1c+Franti%C5%A1ek%2C+-1762%22&type=AllFields;kou
Průša, Ignác František, –1762;1744 [!?], 1747–1763 (lit.: 1748–1763);;1747–1750;1747;1750;Praha – Staré Město 145 (546) vedle paradísu v domě Hartmanském v Jezuitské ul. [Karlova 25];50.0863453;14.4189408;https://www.encyklopedieknihy.cz/index.php?title=Ign%C3%A1c_Franti%C5%A1ek_Pr%C5%AF%C5%A1a;;https://knihoveda.lib.cas.cz/Search/Results?filter%5B%5D=%7EpublishPlace_facet%3A%22Praha+%C4%8Cesko%22&filter%5B%5D=%7EpublishPlace_facet%3A%22Praha%22&filter%5B%5D=publishDateSingle%3A%22%5B1621+TO+1748%5D%22&filter%5B%5D=%7Eprinter_publisher_facet%3A%22Pr%C5%AF%C5%A1a%2C+Ign%C3%A1c+Franti%C5%A1ek%2C+-1762%22&type=AllFields;kou
Průšová, Jana, činná 18. století;1743–1747, 1763–1789, 1798 [?!] (lit.: 1764–1790);;;;;Praha – Staré Město v Železné ul.;50.08651;14.42207;https://www.encyklopedieknihy.cz/index.php?title=Ign%C3%A1c_Franti%C5%A1ek_Pr%C5%AF%C5%A1a;zmínka zde;https://knihoveda.lib.cas.cz/Search/Results?filter%5B%5D=%7EpublishPlace_facet%3A%22Praha+%C4%8Cesko%22&filter%5B%5D=%7EpublishPlace_facet%3A%22Praha%22&filter%5B%5D=publishDateSingle%3A%22%5B1621+TO+1748%5D%22&filter%5B%5D=%7Eprinter_publisher_facet%3A%22Pr%C5%AF%C5%A1ov%C3%A1%2C+Jana%2C+%C4%8Dinn%C3%A1+18.+stolet%C3%AD%22&type=AllFields;kou
Pštros, Mikuláš, činný 1589–1621;1589–1621 (lit.: 1588–1625);;;;;Praha – Staré Město v Kaprové ul.;50.0882139;14.4176942;https://www.encyklopedieknihy.cz/index.php?title=Mikul%C3%A1%C5%A1_%C5%A0traus_ze_%C5%A0trausenfeldu;zmínka zde;https://knihoveda.lib.cas.cz/Search/Results?lookfor=&type=AllFields&filter%5B%5D=%7EpublishPlace_facet%3A%22Praha+%C4%8Cesko%22&filter%5B%5D=%7EpublishPlace_facet%3A%22Praha%22&filter%5B%5D=publishDateSingle%3A%22%5B1621+TO+1748%5D%22&filter%5B%5D=%7Eprinter_publisher_facet%3A%22P%C5%A1tros%2C+Mikul%C3%A1%C5%A1%2C+%C4%8Dinn%C3%BD+1589-1621%22&limit=10;ros
Rosenmüller, Karel František, ml., 1707–1745;1727–1745;;1727–1739;1727;1739;"Praha – Staré Město 524 (271) ""U Zlatého kříže"" na Uhelném trhu [zrušeno a spojeno s č. p. 525 (270), Havelská 4 – V Kotcích 3]";50.0841561;14.4204319;https://www.encyklopedieknihy.cz/index.php?title=Karel_Franti%C5%A1ek_Rosenm%C3%BCller_st.;zmínka zde;https://knihoveda.lib.cas.cz/Search/Results?filter%5B%5D=%7EpublishPlace_facet%3A%22Praha+%C4%8Cesko%22&filter%5B%5D=%7EpublishPlace_facet%3A%22Praha%22&filter%5B%5D=publishDateSingle%3A%22%5B1621+TO+1748%5D%22&filter%5B%5D=%7Eprinter_publisher_facet%3A%22Rosenm%C3%BCller%2C+Karel+Franti%C5%A1ek%2C+ml.%2C+1707-1745%22&type=AllFields;ros
Rosenmüller, Karel František, ml., 1707–1745;1727–1745;;1739–1745;1739;1745;"Praha – Staré Město 403 (290) Budinovský dům vedle ""Zlatého kola"" proti klášteru sv. Havla v Kotcích [""U Modrého sloupu"", Rytířská 16]";50.0849797;14.4227031;https://www.encyklopedieknihy.cz/index.php?title=Karel_Franti%C5%A1ek_Rosenm%C3%BCller_st.;;https://knihoveda.lib.cas.cz/Search/Results?filter%5B%5D=%7EpublishPlace_facet%3A%22Praha+%C4%8Cesko%22&filter%5B%5D=%7EpublishPlace_facet%3A%22Praha%22&filter%5B%5D=publishDateSingle%3A%22%5B1621+TO+1748%5D%22&filter%5B%5D=%7Eprinter_publisher_facet%3A%22Rosenm%C3%BCller%2C+Karel+Franti%C5%A1ek%2C+st.%2C+1678-1727%22&type=AllFields;ros
Rosenmüller, Karel František, st., 1678–1727;1681!?, 1706–1727;;;;;"Praha – Staré Město  ""Platejský dům"" (adresa nepochází ze Slovníku Karla Chyby)";50.08345;14.42028;https://www.encyklopedieknihy.cz/index.php?title=Karel_Franti%C5%A1ek_Rosenm%C3%BCller_st.;;https://knihoveda.lib.cas.cz/Search/Results?filter%5B%5D=%7EpublishPlace_facet%3A%22Praha+%C4%8Cesko%22&filter%5B%5D=%7EpublishPlace_facet%3A%22Praha%22&filter%5B%5D=publishDateSingle%3A%22%5B1621+TO+1748%5D%22&filter%5B%5D=%7Eprinter_publisher_facet%3A%22Rosenm%C3%BCller%2C+Karel+Franti%C5%A1ek%2C+st.%2C+1678-1727%22&type=AllFields;ros
Rosenmüller, Karel František, st., 1678–1727;1681!?, 1706–1727;;;;;"Praha – Staré Město 524 (271) ""U Zlatého kříže"" na Uhelném trhu [zrušeno a spojeno s č. p. 525 (270), Havelská 4 – V Kotcích 3]";50.0841561;14.4204319;https://www.encyklopedieknihy.cz/index.php?title=Karel_Franti%C5%A1ek_Rosenm%C3%BCller_st.;;https://knihoveda.lib.cas.cz/Search/Results?lookfor=&type=AllFields&filter%5B%5D=%7EpublishPlace_facet%3A%22Praha+%C4%8Cesko%22&filter%5B%5D=%7EpublishPlace_facet%3A%22Praha%22&filter%5B%5D=publishDateSingle%3A%22%5B1621+TO+1748%5D%22&filter%5B%5D=%7Eprinter_publisher_facet%3A%22Rosenm%C3%BCller%2C+Karel+Franti%C5%A1ek%2C+st.%2C+1678-1727%22&limit=10;
Schram, Jan Vavřinec, činný 1732–1734;1732–1734;;;;;Staré Město;50.0875485;14.4212157;https://www.encyklopedieknihy.cz/index.php?title=Johann_Laurentius_Schram;zmínka zde;https://knihoveda.lib.cas.cz/Search/Results?lookfor=&type=AllFields&filter%5B%5D=%7EpublishPlace_facet%3A%22Praha+%C4%8Cesko%22&filter%5B%5D=%7EpublishPlace_facet%3A%22Praha%22&filter%5B%5D=publishDateSingle%3A%22%5B1621+TO+1748%5D%22&filter%5B%5D=%7Eprinter_publisher_facet%3A%22Schram%2C+Jan+Vav%C5%99inec%2C+%C4%8Dinn%C3%BD+1732-1734%22&limit=10;sed
Sedlčanská z Karlova, Ludmila, ml., –1664;1651–1664 (lit.: 1648–1664);;1655–1664;1655;1664;Praha – Staré Město 504 (257) tarmarkt v Uhelné ul. [Melantrichova 5 - Havelská 17];50.0851758;14.4212308;https://www.encyklopedieknihy.cz/index.php?title=Daniel_Sedl%C4%8Dansk%C3%BD_nejst.;zmínka zde;https://knihoveda.lib.cas.cz/Search/Results?lookfor=&type=AllFields&filter%5B%5D=%7EpublishPlace_facet%3A%22Praha+%C4%8Cesko%22&filter%5B%5D=%7EpublishPlace_facet%3A%22Praha%22&filter%5B%5D=publishDateSingle%3A%22%5B1621+TO+1748%5D%22&filter%5B%5D=%7Eprinter_publisher_facet%3A%22Sedl%C4%8Dansk%C3%A1+z+Karlova%2C+Ludmila%2C+ml.%2C+-1664%22&limit=10;sed
Sedlčanská, Ludmila, st., činná 1637–1638;1637–1638;;;;;Staré Město;50.0875485;14.4212157;https://www.encyklopedieknihy.cz/index.php?title=Daniel_Sedl%C4%8Dansk%C3%BD_nejst.;zmínka zde;https://knihoveda.lib.cas.cz/Search/Results?lookfor=&type=AllFields&filter%5B%5D=%7EpublishPlace_facet%3A%22Praha+%C4%8Cesko%22&filter%5B%5D=%7EpublishPlace_facet%3A%22Praha%22&filter%5B%5D=publishDateSingle%3A%22%5B1621+TO+1748%5D%22&filter%5B%5D=%7Eprinter_publisher_facet%3A%22Sedl%C4%8Dansk%C3%A1%2C+Ludmila%2C+st.%2C+%C4%8Dinn%C3%A1+1637-1638%22&limit=10;sed
Sedlčanský, Daniel, ml., –1648;;;;;;Staré Město;50.0875485;14.4212157;https://www.encyklopedieknihy.cz/index.php?title=Daniel_Sedl%C4%8Dansk%C3%BD_nejst.;zmínka zde;https://knihoveda.lib.cas.cz/Search/Results?lookfor=&type=AllFields&filter%5B%5D=%7EpublishPlace_facet%3A%22Praha+%C4%8Cesko%22&filter%5B%5D=%7EpublishPlace_facet%3A%22Praha%22&filter%5B%5D=publishDateSingle%3A%22%5B1621+TO+1748%5D%22&filter%5B%5D=%7Eprinter_publisher_facet%3A%22Sedl%C4%8Dansk%C3%BD%2C+Daniel%2C+ml.%2C+-1648%22&limit=10;sed
Sedlčanský, Jiří, –1637;1633–1637;;;;;Staré Město;50.0875485;14.4212157;https://www.encyklopedieknihy.cz/index.php?title=Daniel_Sedl%C4%8Dansk%C3%BD_nejst.;;https://knihoveda.lib.cas.cz/Search/Results?filter%5B%5D=%7EpublishPlace_facet%3A%22Praha+%C4%8Cesko%22&filter%5B%5D=%7EpublishPlace_facet%3A%22Praha%22&filter%5B%5D=publishDateSingle%3A%22%5B1621+TO+1748%5D%22&filter%5B%5D=%7Eprinter_publisher_facet%3A%22Sedl%C4%8Dansk%C3%BD%2C+Ji%C5%99%C3%AD%2C+-1637%22&type=AllFields;sed
Sessius, Pavel, činný 1606–1631;1606–1631 (lit.: 1605–1632);;;;;"Praha – Staré Město 573 (43) kolej Václavova na Ovocném trhu [""bazar"", Ovocný trh 12]";50.0865417;14.4251789;https://www.encyklopedieknihy.cz/index.php?title=Pavel_Sessius;;https://knihoveda.lib.cas.cz/Search/Results?filter%5B%5D=%7EpublishPlace_facet%3A%22Praha+%C4%8Cesko%22&filter%5B%5D=%7EpublishPlace_facet%3A%22Praha%22&filter%5B%5D=publishDateSingle%3A%22%5B1621+TO+1748%5D%22&filter%5B%5D=%7Eprinter_publisher_facet%3A%22Sessius%2C+Pavel%2C+%C4%8Dinn%C3%BD+1606-1631%22&type=AllFields;
Šípař, Jiří, –1651;1639–1651 (lit.: 1639–1652);;1640–1650;1640;1650;"Praha – Staré Město 491 (201) ""U Červeného jelena"" v Železné ul. [Železná 16]";50.0863564;14.4221125;https://www.encyklopedieknihy.cz/index.php?title=Ji%C5%99%C3%AD_%C5%A0%C3%ADpa%C5%99;;https://knihoveda.lib.cas.cz/Search/Results?filter%5B%5D=%7EpublishPlace_facet%3A%22Praha+%C4%8Cesko%22&filter%5B%5D=%7EpublishPlace_facet%3A%22Praha%22&filter%5B%5D=publishDateSingle%3A%22%5B1621+TO+1748%5D%22&filter%5B%5D=%7Eprinter_publisher_facet%3A%22%C5%A0%C3%ADpa%C5%99%2C+Ji%C5%99%C3%AD%2C+-1651%22&type=AllFields;sip
Stříbrský, Jan, –1625;1615–1624;;;;;Staré Město;50.0875485;14.4212157;https://www.encyklopedieknihy.cz/index.php?title=V%C3%A1clav_St%C5%99%C3%ADbrsk%C3%BD;;https://knihoveda.lib.cas.cz/Search/Results?filter%5B%5D=%7EpublishPlace_facet%3A%22Praha+%C4%8Cesko%22&filter%5B%5D=%7EpublishPlace_facet%3A%22Praha%22&filter%5B%5D=publishDateSingle%3A%22%5B1621+TO+1748%5D%22&filter%5B%5D=%7Eprinter_publisher_facet%3A%22Such%C3%BD%2C+V%C3%A1clav+Urban%2C+1703-1767%22&type=AllFields;
Suchý, Václav Urban, 1703–1767;1731–1761;;1733–1761;1733;1761;"Praha – Staré Město 430 (362) ""U Zlatého kohouta"" v Michalské ul. [Michalská 3 - Vejvodova 12]";50.0846542;14.4197792;https://www.encyklopedieknihy.cz/index.php?title=V%C3%A1clav_Urban_Such%C3%BD;zmínka zde;https://knihoveda.lib.cas.cz/Search/Results?lookfor=&type=AllFields&filter%5B%5D=%7EpublishPlace_facet%3A%22Praha+%C4%8Cesko%22&filter%5B%5D=%7EpublishPlace_facet%3A%22Praha%22&filter%5B%5D=publishDateSingle%3A%22%5B1621+TO+1748%5D%22&filter%5B%5D=%7Eprinter_publisher_facet%3A%22Such%C3%BD%2C+V%C3%A1clav+Urban%2C+1703-1767%22&limit=10;
Šumanská tiskárna;;;;;;Staré Město;50.0875485;14.4212157;https://www.encyklopedieknihy.cz/index.php?title=Jan_Schumann_st.;;https://knihoveda.lib.cas.cz/Search/Results?lookfor=&type=AllFields&filter%5B%5D=%7EpublishPlace_facet%3A%22Praha+%C4%8Cesko%22&filter%5B%5D=%7EpublishPlace_facet%3A%22Praha%22&filter%5B%5D=publishDateSingle%3A%22%5B1621+TO+1748%5D%22&filter%5B%5D=%7Eprinter_publisher_facet%3A%22%C5%A0umansk%C3%A1+tisk%C3%A1rna%22&limit=10;
Svoboda, Bedřich Václav, činný 1674–1678;1674–1678 (lit.: 1676–1678);;;;;Staré Město;50.0875485;14.4212157;https://www.encyklopedieknihy.cz/index.php?title=Bed%C5%99ich_V%C3%A1clav_Svoboda;;https://knihoveda.lib.cas.cz/Search/Results?filter%5B%5D=%7EpublishPlace_facet%3A%22Praha+%C4%8Cesko%22&filter%5B%5D=%7EpublishPlace_facet%3A%22Praha%22&filter%5B%5D=publishDateSingle%3A%22%5B1621+TO+1748%5D%22&filter%5B%5D=%7Eprinter_publisher_facet%3A%22Svoboda%2C+Bed%C5%99ich+V%C3%A1clav%2C+%C4%8Dinn%C3%BD+1674-1678%22&type=AllFields;
